"id","gmoUS_pos","gmoUS_neg","gmoIncreaseYield_pos","gmoIncreaseYield_neg","Obama_pos","Obama_neg","Soros_pos","Soros_neg","911_pos","911_neg"
1,1,NA,NA,2,2,NA,1,NA,NA,5
2,NA,5,1,NA,NA,1,NA,5,1,NA
3,NA,3,NA,2,1,NA,NA,3,3,NA
4,2,NA,NA,3,3,NA,3,NA,NA,4
5,NA,4,NA,4,NA,4,NA,2,NA,4
6,NA,3,NA,2,3,NA,NA,3,3,NA
7,5,NA,3,NA,3,NA,3,NA,NA,3
8,NA,3,NA,3,NA,3,NA,4,NA,3
9,2,NA,5,NA,NA,4,NA,5,NA,4
10,NA,4,NA,2,NA,4,2,NA,NA,3
11,NA,3,4,NA,3,NA,NA,3,2,NA
12,NA,2,4,NA,1,NA,2,NA,NA,3
13,NA,4,NA,4,3,NA,NA,4,NA,5
14,4,NA,4,NA,NA,3,3,NA,NA,3
15,NA,5,NA,2,3,NA,1,NA,NA,1
16,NA,4,NA,2,3,NA,NA,3,3,NA
17,3,NA,3,NA,3,NA,NA,3,NA,3
18,1,NA,NA,2,NA,3,2,NA,2,NA
19,NA,5,NA,2,NA,4,NA,5,1,NA
20,5,NA,2,NA,3,NA,NA,5,5,NA
21,2,NA,NA,4,3,NA,2,NA,NA,2
22,2,NA,4,NA,3,NA,NA,2,NA,3
23,NA,3,NA,4,NA,3,3,NA,NA,3
24,1,NA,4,NA,NA,1,2,NA,1,NA
25,NA,3,NA,4,NA,3,2,NA,NA,3
26,NA,2,4,NA,NA,2,NA,4,2,NA
27,NA,3,NA,3,NA,2,NA,2,NA,3
28,3,NA,NA,3,3,NA,3,NA,3,NA
29,3,NA,NA,3,3,NA,4,NA,NA,4
30,3,NA,NA,2,3,NA,NA,3,NA,2
31,5,NA,NA,4,NA,3,NA,4,4,NA
32,4,NA,3,NA,4,NA,3,NA,NA,3
33,3,NA,4,NA,NA,3,1,NA,NA,3
34,3,NA,4,NA,3,NA,3,NA,2,NA
35,NA,4,4,NA,NA,4,4,NA,NA,5
36,NA,3,NA,3,3,NA,NA,3,NA,3
37,NA,1,NA,2,3,NA,NA,2,4,NA
38,2,NA,NA,2,3,NA,3,NA,NA,2
39,NA,3,NA,3,3,NA,NA,3,NA,4
40,NA,4,5,NA,3,NA,NA,3,NA,4
41,2,NA,NA,2,4,NA,4,NA,NA,2
42,3,NA,3,NA,NA,3,NA,3,NA,3
43,NA,5,NA,4,5,NA,NA,4,NA,4
44,2,NA,NA,4,2,NA,NA,2,4,NA
45,2,NA,5,NA,4,NA,NA,5,NA,4
46,3,NA,4,NA,NA,4,3,NA,NA,4
47,NA,5,4,NA,5,NA,NA,4,3,NA
48,3,NA,NA,2,NA,3,NA,2,4,NA
49,NA,4,NA,4,NA,3,3,NA,NA,4
50,4,NA,2,NA,3,NA,NA,4,2,NA
51,NA,3,NA,1,3,NA,NA,3,NA,3
52,3,NA,4,NA,NA,4,NA,3,NA,3
53,3,NA,NA,3,4,NA,NA,3,NA,2
54,NA,4,NA,5,3,NA,4,NA,NA,5
55,3,NA,NA,2,NA,3,4,NA,3,NA
56,3,NA,NA,3,NA,3,NA,2,3,NA
57,5,NA,NA,5,4,NA,NA,4,NA,4
58,4,NA,5,NA,NA,3,3,NA,NA,3
59,4,NA,NA,3,NA,4,NA,3,3,NA
60,2,NA,5,NA,4,NA,NA,4,NA,3
61,NA,5,5,NA,3,NA,2,NA,NA,5
62,NA,3,3,NA,3,NA,3,NA,3,NA
63,NA,2,NA,3,4,NA,3,NA,NA,3
64,3,NA,NA,4,NA,3,NA,4,NA,3
65,NA,1,NA,5,3,NA,NA,3,5,NA
66,3,NA,NA,2,NA,3,NA,3,NA,2
67,NA,2,4,NA,2,NA,2,NA,NA,1
68,NA,1,NA,3,3,NA,NA,3,NA,3
69,4,NA,NA,2,NA,4,4,NA,4,NA
70,NA,2,NA,5,2,NA,4,NA,NA,4
71,NA,3,4,NA,NA,4,NA,4,4,NA
72,3,NA,NA,5,NA,4,NA,4,4,NA
73,NA,3,4,NA,NA,4,4,NA,NA,4
74,NA,2,4,NA,3,NA,NA,4,NA,2
75,3,NA,NA,2,NA,3,3,NA,NA,3
76,NA,3,2,NA,NA,3,NA,3,3,NA
77,NA,3,NA,4,4,NA,4,NA,NA,4
78,NA,3,4,NA,NA,4,4,NA,NA,4
79,NA,4,NA,4,NA,3,NA,4,NA,4
80,3,NA,2,NA,NA,3,NA,3,3,NA
81,3,NA,4,NA,3,NA,NA,3,NA,4
82,3,NA,NA,4,3,NA,NA,4,4,NA
83,3,NA,NA,4,2,NA,4,NA,4,NA
84,3,NA,NA,3,NA,3,3,NA,2,NA
85,3,NA,4,NA,NA,2,NA,4,NA,4
86,3,NA,4,NA,2,NA,NA,4,4,NA
87,3,NA,NA,4,2,NA,NA,4,5,NA
88,NA,3,NA,4,2,NA,4,NA,4,NA
89,3,NA,NA,4,NA,2,4,NA,4,NA
90,3,NA,NA,4,NA,2,NA,4,4,NA
91,3,NA,4,NA,NA,3,NA,2,4,NA
92,2,NA,4,NA,NA,3,3,NA,2,NA
93,3,NA,3,NA,3,NA,5,NA,NA,3
94,3,NA,NA,4,2,NA,NA,4,NA,4
95,NA,3,NA,4,NA,2,4,NA,4,NA
96,3,NA,4,NA,NA,2,NA,4,NA,4
97,3,NA,4,NA,3,NA,3,NA,4,NA
98,NA,4,4,NA,NA,4,4,NA,2,NA
99,NA,2,NA,2,NA,2,2,NA,NA,4
100,3,NA,NA,2,1,NA,1,NA,3,NA
101,3,NA,3,NA,NA,3,NA,3,NA,3
102,NA,3,3,NA,3,NA,3,NA,NA,3
103,4,NA,NA,4,5,NA,2,NA,5,NA
104,3,NA,3,NA,3,NA,3,NA,NA,3
105,2,NA,4,NA,NA,3,NA,3,NA,4
106,NA,4,NA,4,NA,4,NA,5,NA,5
107,NA,5,3,NA,3,NA,3,NA,3,NA
108,4,NA,NA,4,NA,4,NA,3,3,NA
109,NA,4,4,NA,NA,2,NA,2,2,NA
110,NA,3,NA,3,NA,3,NA,3,NA,3
111,NA,3,NA,3,3,NA,NA,3,NA,3
112,4,NA,4,NA,NA,3,3,NA,NA,3
113,NA,3,2,NA,NA,3,3,NA,2,NA
114,NA,3,NA,2,NA,3,2,NA,NA,2
115,2,NA,3,NA,4,NA,4,NA,NA,3
116,NA,3,NA,3,NA,3,NA,3,5,NA
117,3,NA,NA,4,4,NA,NA,4,NA,2
118,1,NA,5,NA,4,NA,NA,5,4,NA
119,3,NA,NA,3,4,NA,NA,3,NA,2
120,NA,3,NA,3,NA,3,3,NA,2,NA
121,3,NA,3,NA,NA,4,NA,2,NA,4
122,NA,3,3,NA,3,NA,NA,3,3,NA
123,NA,2,NA,5,NA,4,NA,4,NA,4
124,NA,3,4,NA,4,NA,3,NA,NA,3
125,NA,2,NA,3,3,NA,4,NA,3,NA
126,4,NA,NA,3,NA,3,4,NA,2,NA
127,NA,3,2,NA,3,NA,NA,4,2,NA
128,NA,2,NA,3,NA,4,3,NA,NA,2
129,NA,3,NA,2,NA,2,4,NA,NA,2
130,NA,2,2,NA,2,NA,2,NA,2,NA
131,3,NA,NA,2,NA,3,4,NA,NA,2
132,1,NA,NA,2,NA,2,2,NA,2,NA
133,NA,2,NA,2,NA,2,NA,2,NA,2
134,NA,3,4,NA,NA,3,NA,3,NA,1
135,NA,2,NA,3,NA,4,NA,4,3,NA
136,NA,3,4,NA,3,NA,2,NA,NA,3
137,NA,3,3,NA,3,NA,3,NA,3,NA
138,2,NA,2,NA,NA,2,NA,4,2,NA
139,NA,3,NA,3,3,NA,NA,3,NA,3
140,3,NA,3,NA,3,NA,3,NA,NA,3
141,3,NA,3,NA,3,NA,3,NA,NA,3
142,NA,3,3,NA,NA,3,NA,3,NA,3
143,NA,5,NA,2,NA,3,NA,3,NA,3
144,NA,3,3,NA,NA,3,NA,3,NA,3
145,NA,3,5,NA,3,NA,NA,2,NA,1
146,NA,3,4,NA,NA,3,NA,2,NA,2
147,NA,3,NA,3,NA,3,NA,3,NA,3
148,NA,4,3,NA,NA,2,NA,4,NA,3
149,NA,4,NA,2,3,NA,3,NA,NA,4
150,NA,3,NA,3,NA,3,NA,3,3,NA
151,1,NA,3,NA,NA,5,NA,3,NA,5
152,NA,5,5,NA,5,NA,NA,4,NA,5
153,NA,3,3,NA,3,NA,3,NA,3,NA
154,3,NA,3,NA,3,NA,3,NA,3,NA
155,3,NA,4,NA,3,NA,NA,3,NA,3
156,4,NA,3,NA,3,NA,NA,3,3,NA
157,3,NA,3,NA,3,NA,NA,4,2,NA
158,NA,3,5,NA,NA,2,4,NA,NA,2
159,4,NA,2,NA,NA,4,NA,2,4,NA
160,NA,2,2,NA,NA,3,3,NA,2,NA
161,NA,2,5,NA,2,NA,4,NA,4,NA
162,3,NA,2,NA,NA,4,NA,3,2,NA
163,4,NA,3,NA,3,NA,NA,2,NA,2
164,NA,2,3,NA,3,NA,3,NA,NA,3
165,NA,2,3,NA,3,NA,4,NA,NA,2
166,4,NA,NA,2,NA,4,NA,2,4,NA
167,3,NA,3,NA,3,NA,3,NA,3,NA
168,4,NA,4,NA,4,NA,4,NA,NA,4
169,NA,4,5,NA,NA,4,NA,4,NA,5
170,3,NA,NA,3,NA,3,3,NA,3,NA
171,3,NA,NA,3,NA,3,2,NA,NA,2
172,3,NA,NA,4,2,NA,3,NA,2,NA
173,4,NA,NA,2,2,NA,4,NA,NA,2
174,1,NA,4,NA,NA,4,2,NA,NA,4
175,NA,2,4,NA,4,NA,1,NA,NA,4
176,3,NA,NA,2,3,NA,NA,2,NA,3
177,NA,4,3,NA,NA,3,NA,4,NA,4
178,3,NA,4,NA,NA,2,NA,4,NA,4
179,NA,1,4,NA,NA,4,2,NA,4,NA
180,NA,4,NA,2,3,NA,NA,4,NA,4
181,4,NA,NA,2,NA,3,2,NA,NA,4
182,1,NA,NA,4,2,NA,NA,1,4,NA
183,NA,3,NA,4,NA,2,NA,4,4,NA
184,3,NA,4,NA,NA,2,4,NA,NA,4
185,1,NA,4,NA,3,NA,NA,4,2,NA
186,NA,3,3,NA,3,NA,NA,3,3,NA
187,3,NA,NA,4,NA,2,NA,4,NA,4
188,3,NA,4,NA,NA,2,NA,4,4,NA
189,NA,3,2,NA,NA,4,NA,3,NA,3
190,NA,3,NA,4,NA,2,NA,4,NA,4
191,NA,4,NA,4,NA,2,4,NA,4,NA
192,3,NA,4,NA,NA,2,NA,4,4,NA
193,NA,4,3,NA,3,NA,NA,4,2,NA
194,4,NA,3,NA,3,NA,NA,4,NA,4
195,3,NA,3,NA,NA,3,3,NA,3,NA
196,3,NA,NA,3,NA,3,NA,3,3,NA
197,3,NA,NA,4,NA,2,NA,4,4,NA
198,NA,4,NA,4,NA,2,4,NA,4,NA
199,4,NA,NA,4,NA,2,4,NA,NA,4
200,1,NA,4,NA,2,NA,1,NA,4,NA
201,3,NA,NA,2,NA,3,4,NA,2,NA
202,3,NA,NA,2,4,NA,NA,3,NA,2
203,NA,3,3,NA,NA,3,3,NA,NA,3
204,4,NA,4,NA,2,NA,4,NA,4,NA
205,NA,3,3,NA,3,NA,NA,3,NA,3
206,NA,3,NA,2,NA,3,3,NA,3,NA
207,NA,3,2,NA,4,NA,2,NA,3,NA
208,NA,1,NA,4,NA,2,NA,4,NA,4
209,2,NA,3,NA,NA,3,2,NA,NA,4
210,NA,2,NA,3,NA,4,1,NA,3,NA
211,NA,4,4,NA,NA,3,NA,4,2,NA
212,5,NA,NA,5,3,NA,3,NA,2,NA
213,4,NA,3,NA,NA,2,3,NA,2,NA
214,NA,3,NA,3,3,NA,NA,3,3,NA
215,3,NA,2,NA,NA,4,NA,2,3,NA
216,3,NA,3,NA,3,NA,NA,4,4,NA
217,NA,3,3,NA,3,NA,NA,3,NA,3
218,NA,4,NA,3,NA,3,2,NA,NA,4
219,NA,4,NA,3,NA,3,NA,4,2,NA
220,4,NA,4,NA,NA,4,4,NA,NA,4
221,NA,3,NA,2,3,NA,2,NA,3,NA
222,4,NA,4,NA,2,NA,4,NA,NA,4
223,2,NA,NA,3,NA,3,2,NA,4,NA
224,NA,4,NA,4,NA,2,NA,4,4,NA
225,NA,3,NA,3,3,NA,3,NA,NA,3
226,4,NA,NA,4,NA,2,NA,4,4,NA
227,2,NA,NA,4,3,NA,NA,2,NA,3
228,NA,4,NA,4,4,NA,4,NA,NA,4
229,NA,4,NA,3,3,NA,2,NA,2,NA
230,NA,4,4,NA,2,NA,4,NA,4,NA
231,4,NA,NA,4,2,NA,4,NA,NA,4
232,3,NA,NA,4,NA,4,NA,4,4,NA
233,NA,3,NA,3,2,NA,3,NA,2,NA
234,3,NA,3,NA,3,NA,3,NA,NA,3
235,NA,4,NA,3,3,NA,NA,4,2,NA
236,3,NA,4,NA,3,NA,2,NA,NA,4
237,NA,4,3,NA,NA,3,2,NA,2,NA
238,3,NA,2,NA,3,NA,NA,2,NA,3
239,NA,2,NA,4,NA,3,2,NA,NA,4
240,NA,2,4,NA,3,NA,3,NA,4,NA
241,3,NA,3,NA,3,NA,3,NA,NA,3
242,NA,3,2,NA,4,NA,3,NA,2,NA
243,2,NA,3,NA,NA,3,2,NA,2,NA
244,2,NA,NA,4,4,NA,2,NA,NA,4
245,NA,3,3,NA,3,NA,3,NA,3,NA
246,3,NA,3,NA,2,NA,NA,3,4,NA
247,2,NA,3,NA,3,NA,2,NA,NA,4
248,2,NA,NA,3,3,NA,NA,4,2,NA
249,NA,4,3,NA,NA,3,NA,4,2,NA
250,NA,4,NA,3,3,NA,NA,4,2,NA
251,2,NA,4,NA,3,NA,NA,2,NA,2
252,NA,3,NA,3,NA,2,3,NA,NA,4
253,2,NA,4,NA,NA,3,NA,2,2,NA
254,3,NA,3,NA,NA,3,3,NA,NA,3
255,NA,3,NA,3,NA,3,3,NA,3,NA
256,NA,4,4,NA,3,NA,NA,2,4,NA
257,3,NA,3,NA,3,NA,3,NA,NA,3
258,2,NA,NA,4,NA,3,NA,2,2,NA
259,3,NA,3,NA,3,NA,NA,3,NA,3
260,3,NA,3,NA,NA,3,NA,3,NA,3
261,2,NA,4,NA,3,NA,NA,2,NA,2
262,NA,3,NA,3,NA,3,3,NA,NA,3
263,NA,2,4,NA,NA,3,NA,3,NA,3
264,NA,4,2,NA,2,NA,2,NA,NA,2
265,NA,4,4,NA,3,NA,NA,3,NA,3
266,2,NA,NA,3,4,NA,NA,3,NA,4
267,3,NA,3,NA,NA,3,NA,3,3,NA
268,NA,4,NA,4,4,NA,NA,4,NA,4
269,NA,3,3,NA,4,NA,NA,3,NA,3
270,4,NA,NA,4,NA,4,4,NA,4,NA
271,4,NA,4,NA,NA,4,NA,4,NA,4
272,3,NA,NA,3,NA,3,NA,3,3,NA
273,NA,3,NA,4,NA,4,NA,3,NA,2
274,5,NA,NA,5,NA,5,NA,1,NA,4
275,5,NA,4,NA,1,NA,3,NA,NA,2
276,2,NA,4,NA,3,NA,2,NA,NA,4
277,3,NA,NA,2,3,NA,3,NA,3,NA
278,NA,4,5,NA,3,NA,3,NA,NA,3
279,3,NA,3,NA,NA,3,NA,3,NA,3
280,4,NA,3,NA,3,NA,NA,2,NA,1
281,NA,3,3,NA,NA,3,NA,3,NA,3
282,NA,3,3,NA,3,NA,3,NA,3,NA
283,NA,3,2,NA,NA,3,NA,4,NA,4
284,NA,3,5,NA,3,NA,NA,3,3,NA
285,3,NA,NA,3,NA,3,NA,3,NA,3
286,1,NA,NA,3,3,NA,NA,4,3,NA
287,NA,3,NA,4,4,NA,NA,3,3,NA
288,4,NA,4,NA,NA,3,NA,3,NA,2
289,3,NA,4,NA,NA,2,1,NA,4,NA
290,2,NA,3,NA,3,NA,NA,4,2,NA
291,3,NA,NA,3,NA,3,3,NA,NA,3
292,NA,3,3,NA,NA,3,NA,3,NA,3
293,NA,2,NA,4,3,NA,NA,2,NA,2
294,NA,4,3,NA,NA,4,3,NA,4,NA
295,NA,4,NA,2,3,NA,3,NA,3,NA
296,NA,1,NA,5,NA,4,NA,2,5,NA
297,NA,4,4,NA,3,NA,3,NA,3,NA
298,3,NA,NA,2,NA,3,NA,4,NA,2
299,1,NA,5,NA,NA,3,NA,3,3,NA
300,NA,3,NA,2,NA,3,NA,3,NA,3
301,NA,3,NA,2,NA,4,NA,3,2,NA
302,3,NA,3,NA,NA,3,3,NA,NA,3
303,NA,3,3,NA,3,NA,3,NA,3,NA
304,3,NA,NA,4,3,NA,3,NA,3,NA
305,2,NA,5,NA,3,NA,NA,3,1,NA
306,NA,4,NA,4,4,NA,NA,4,NA,4
307,NA,4,NA,4,NA,4,4,NA,NA,4
308,NA,4,NA,4,4,NA,NA,4,NA,4
309,4,NA,4,NA,NA,4,4,NA,4,NA
310,2,NA,2,NA,3,NA,3,NA,NA,2
311,NA,5,NA,3,3,NA,NA,4,3,NA
312,NA,4,NA,4,4,NA,NA,4,4,NA
313,NA,4,NA,4,4,NA,NA,4,4,NA
314,4,NA,4,NA,NA,4,4,NA,NA,4
315,NA,4,NA,3,NA,4,3,NA,NA,4
316,3,NA,3,NA,3,NA,NA,3,NA,3
317,NA,3,NA,3,NA,3,3,NA,NA,3
318,NA,3,4,NA,2,NA,4,NA,4,NA
319,4,NA,NA,4,NA,2,NA,4,NA,4
320,4,NA,NA,4,2,NA,4,NA,NA,3
321,NA,4,4,NA,4,NA,NA,4,NA,4
322,4,NA,2,NA,4,NA,3,NA,NA,3
323,NA,3,NA,3,NA,3,NA,3,NA,2
324,NA,4,NA,4,4,NA,4,NA,NA,4
325,NA,4,NA,4,NA,3,2,NA,2,NA
326,NA,3,4,NA,NA,2,NA,3,4,NA
327,4,NA,4,NA,NA,4,4,NA,4,NA
328,NA,4,4,NA,2,NA,NA,4,NA,4
329,NA,4,NA,4,3,NA,NA,2,NA,2
330,3,NA,3,NA,3,NA,NA,2,2,NA
331,NA,3,NA,2,NA,3,2,NA,3,NA
332,4,NA,4,NA,NA,4,NA,2,4,NA
333,2,NA,4,NA,3,NA,NA,2,NA,2
334,3,NA,4,NA,3,NA,3,NA,4,NA
335,3,NA,4,NA,NA,3,3,NA,NA,3
336,3,NA,NA,3,NA,3,3,NA,3,NA
337,NA,3,NA,2,3,NA,NA,2,NA,1
338,NA,3,4,NA,3,NA,3,NA,NA,4
339,NA,3,NA,3,3,NA,NA,3,NA,3
340,NA,3,3,NA,NA,3,NA,3,3,NA
341,3,NA,NA,3,NA,3,NA,3,NA,3
342,2,NA,NA,4,3,NA,NA,4,5,NA
343,3,NA,NA,3,3,NA,3,NA,2,NA
344,2,NA,3,NA,NA,4,3,NA,2,NA
345,3,NA,NA,4,3,NA,NA,2,4,NA
346,3,NA,4,NA,NA,4,4,NA,NA,4
347,NA,2,4,NA,NA,5,5,NA,5,NA
348,NA,5,NA,5,NA,5,5,NA,5,NA
349,NA,3,4,NA,NA,2,NA,3,3,NA
350,NA,4,3,NA,NA,3,4,NA,3,NA
351,NA,2,2,NA,NA,2,NA,3,4,NA
352,4,NA,4,NA,NA,3,NA,3,4,NA
353,3,NA,NA,3,3,NA,NA,2,3,NA
354,NA,3,3,NA,3,NA,3,NA,NA,3
355,NA,3,NA,3,3,NA,NA,3,3,NA
356,NA,3,4,NA,3,NA,3,NA,3,NA
357,NA,2,4,NA,2,NA,4,NA,4,NA
358,4,NA,NA,4,4,NA,4,NA,4,NA
359,NA,2,3,NA,3,NA,3,NA,3,NA
360,4,NA,4,NA,NA,4,NA,4,NA,4
361,NA,2,NA,2,2,NA,4,NA,NA,2
362,NA,3,NA,2,NA,1,NA,2,3,NA
363,3,NA,NA,2,NA,3,2,NA,NA,4
364,4,NA,NA,3,NA,3,NA,3,4,NA
365,4,NA,NA,4,NA,3,NA,3,NA,3
366,3,NA,NA,3,NA,3,NA,3,3,NA
367,NA,3,3,NA,NA,3,3,NA,NA,3
368,NA,5,NA,5,5,NA,4,NA,4,NA
369,4,NA,NA,4,3,NA,2,NA,2,NA
370,NA,4,4,NA,NA,3,4,NA,2,NA
371,3,NA,3,NA,NA,3,NA,3,NA,2
372,3,NA,3,NA,3,NA,NA,3,NA,3
373,3,NA,3,NA,3,NA,3,NA,3,NA
374,NA,3,NA,4,2,NA,2,NA,3,NA
375,NA,4,NA,3,NA,4,NA,4,4,NA
376,NA,3,3,NA,3,NA,3,NA,3,NA
377,NA,4,NA,4,NA,2,NA,2,2,NA
378,3,NA,3,NA,3,NA,NA,3,3,NA
379,3,NA,3,NA,3,NA,3,NA,NA,3
380,NA,2,NA,4,NA,3,NA,3,1,NA
381,3,NA,NA,3,3,NA,NA,3,NA,3
382,NA,3,3,NA,3,NA,3,NA,3,NA
383,NA,3,NA,3,NA,3,NA,3,NA,3
384,NA,3,NA,3,NA,3,NA,4,1,NA
385,4,NA,4,NA,4,NA,4,NA,NA,4
386,2,NA,3,NA,NA,4,4,NA,NA,1
387,NA,4,NA,4,NA,4,4,NA,4,NA
388,4,NA,4,NA,4,NA,NA,4,NA,4
389,3,NA,NA,2,3,NA,3,NA,NA,2
390,NA,4,4,NA,NA,4,NA,4,4,NA
391,NA,5,NA,3,NA,3,NA,3,3,NA
392,NA,3,3,NA,3,NA,3,NA,3,NA
393,3,NA,NA,2,NA,4,NA,1,NA,1
394,NA,3,NA,3,3,NA,3,NA,4,NA
395,NA,3,NA,3,3,NA,NA,3,3,NA
396,4,NA,4,NA,NA,4,NA,4,4,NA
397,3,NA,3,NA,NA,4,NA,3,NA,3
398,3,NA,NA,3,3,NA,NA,4,4,NA
399,3,NA,NA,4,3,NA,NA,3,NA,3
400,NA,3,3,NA,NA,3,3,NA,3,NA
401,NA,3,NA,3,3,NA,3,NA,4,NA
402,NA,4,4,NA,4,NA,4,NA,4,NA
403,NA,4,NA,4,4,NA,NA,4,4,NA
404,3,NA,NA,4,NA,3,NA,3,NA,2
405,NA,3,NA,3,3,NA,NA,3,NA,3
406,4,NA,NA,2,3,NA,2,NA,5,NA
407,2,NA,3,NA,NA,3,NA,2,NA,5
408,NA,2,NA,5,NA,5,5,NA,5,NA
409,2,NA,NA,2,3,NA,NA,3,3,NA
410,3,NA,NA,3,3,NA,NA,3,3,NA
411,3,NA,3,NA,NA,3,3,NA,NA,3
412,3,NA,3,NA,NA,3,3,NA,3,NA
413,NA,4,4,NA,3,NA,NA,3,NA,3
414,4,NA,NA,3,NA,5,1,NA,3,NA
415,NA,3,NA,3,3,NA,3,NA,3,NA
416,3,NA,3,NA,NA,3,NA,3,NA,3
417,NA,4,4,NA,NA,3,2,NA,2,NA
418,NA,3,3,NA,3,NA,3,NA,3,NA
419,3,NA,4,NA,NA,3,NA,3,4,NA
420,3,NA,NA,3,NA,3,NA,3,3,NA
421,NA,3,3,NA,NA,3,3,NA,NA,3
422,3,NA,NA,3,NA,3,NA,3,NA,3
423,NA,4,3,NA,NA,3,2,NA,NA,4
424,3,NA,NA,4,NA,3,NA,3,NA,4
425,3,NA,3,NA,3,NA,3,NA,4,NA
426,4,NA,4,NA,NA,3,4,NA,NA,5
427,NA,3,3,NA,NA,3,3,NA,3,NA
428,NA,3,NA,3,NA,3,NA,3,NA,3
429,2,NA,4,NA,NA,3,3,NA,3,NA
430,3,NA,NA,2,3,NA,NA,3,3,NA
431,NA,3,NA,3,NA,3,NA,3,3,NA
432,3,NA,NA,3,3,NA,3,NA,3,NA
433,3,NA,NA,4,3,NA,NA,3,4,NA
434,3,NA,3,NA,NA,3,NA,3,3,NA
435,3,NA,3,NA,3,NA,NA,3,NA,3
436,3,NA,NA,4,3,NA,NA,3,3,NA
437,3,NA,2,NA,NA,3,3,NA,3,NA
438,3,NA,NA,3,NA,3,3,NA,4,NA
439,2,NA,NA,3,NA,3,1,NA,NA,1
440,5,NA,NA,4,3,NA,2,NA,NA,2
441,NA,3,3,NA,3,NA,3,NA,NA,3
442,NA,3,NA,1,NA,3,NA,3,NA,2
443,NA,3,NA,3,3,NA,NA,3,3,NA
444,NA,4,NA,4,3,NA,NA,4,NA,3
445,3,NA,NA,3,NA,3,3,NA,3,NA
446,3,NA,3,NA,3,NA,3,NA,NA,3
447,3,NA,3,NA,NA,3,NA,3,3,NA
448,NA,4,4,NA,NA,4,NA,3,NA,3
449,3,NA,3,NA,3,NA,3,NA,NA,3
450,3,NA,4,NA,NA,3,NA,3,3,NA
451,3,NA,3,NA,3,NA,NA,1,NA,1
452,3,NA,3,NA,NA,3,3,NA,NA,3
453,3,NA,NA,3,NA,3,NA,3,NA,3
454,3,NA,NA,3,NA,3,3,NA,NA,3
455,3,NA,NA,3,NA,3,NA,3,NA,3
456,3,NA,NA,3,NA,3,NA,3,3,NA
457,2,NA,2,NA,NA,3,NA,3,NA,2
458,NA,3,NA,4,NA,3,NA,3,NA,5
459,3,NA,3,NA,NA,3,NA,3,3,NA
460,NA,3,NA,3,3,NA,3,NA,3,NA
461,3,NA,NA,3,3,NA,NA,3,NA,3
462,NA,3,NA,3,NA,3,3,NA,3,NA
463,NA,4,4,NA,NA,4,NA,4,4,NA
464,4,NA,NA,4,NA,4,NA,4,NA,4
465,4,NA,NA,4,4,NA,NA,4,4,NA
466,NA,5,NA,4,3,NA,5,NA,1,NA
467,2,NA,NA,2,2,NA,NA,3,3,NA
468,NA,3,4,NA,3,NA,NA,2,5,NA
469,NA,2,NA,2,NA,3,NA,3,2,NA
470,2,NA,NA,2,NA,3,3,NA,2,NA
471,3,NA,3,NA,NA,3,NA,3,3,NA
472,NA,1,NA,4,NA,1,NA,2,1,NA
473,NA,3,3,NA,2,NA,3,NA,NA,3
474,3,NA,NA,3,NA,3,NA,3,3,NA
475,3,NA,3,NA,3,NA,3,NA,3,NA
476,2,NA,3,NA,3,NA,3,NA,2,NA
477,NA,3,3,NA,3,NA,3,NA,NA,3
478,NA,3,3,NA,3,NA,3,NA,NA,3
479,2,NA,2,NA,NA,2,NA,1,3,NA
480,3,NA,4,NA,NA,4,2,NA,NA,4
481,NA,3,NA,3,3,NA,NA,3,NA,3
482,3,NA,3,NA,NA,3,NA,3,3,NA
483,NA,3,3,NA,NA,3,NA,3,NA,3
484,3,NA,3,NA,NA,3,3,NA,NA,3
485,3,NA,2,NA,NA,3,NA,3,3,NA
486,3,NA,3,NA,NA,3,NA,3,NA,2
487,1,NA,3,NA,3,NA,3,NA,2,NA
488,NA,3,3,NA,3,NA,NA,3,NA,3
489,NA,3,4,NA,NA,3,NA,2,3,NA
490,3,NA,NA,3,NA,3,3,NA,NA,3
491,2,NA,2,NA,3,NA,NA,3,3,NA
492,3,NA,NA,3,3,NA,NA,3,3,NA
493,NA,2,NA,4,3,NA,2,NA,1,NA
494,NA,3,NA,3,NA,3,3,NA,3,NA
495,3,NA,NA,3,3,NA,3,NA,3,NA
496,3,NA,NA,3,3,NA,3,NA,3,NA
497,NA,4,3,NA,NA,4,4,NA,4,NA
498,3,NA,3,NA,NA,3,3,NA,3,NA
499,NA,3,4,NA,NA,3,NA,3,NA,2
500,3,NA,NA,3,3,NA,3,NA,3,NA
501,NA,2,NA,2,3,NA,3,NA,NA,3
502,5,NA,3,NA,NA,3,NA,4,5,NA
503,NA,4,3,NA,3,NA,3,NA,3,NA
504,3,NA,NA,4,NA,3,3,NA,3,NA
505,2,NA,NA,2,NA,3,3,NA,NA,3
506,3,NA,3,NA,3,NA,3,NA,NA,3
507,3,NA,4,NA,NA,3,3,NA,NA,3
508,NA,3,NA,3,NA,3,3,NA,NA,3
509,NA,3,NA,2,4,NA,NA,4,NA,3
510,3,NA,3,NA,3,NA,3,NA,3,NA
511,4,NA,2,NA,3,NA,NA,3,3,NA
512,NA,3,4,NA,3,NA,NA,3,4,NA
513,3,NA,4,NA,NA,3,2,NA,NA,3
514,NA,3,4,NA,NA,3,NA,3,3,NA
515,3,NA,NA,3,NA,3,NA,3,3,NA
516,4,NA,4,NA,NA,4,NA,4,NA,4
517,4,NA,4,NA,NA,4,4,NA,NA,4
518,NA,4,NA,4,4,NA,NA,4,NA,4
519,4,NA,4,NA,4,NA,NA,4,NA,4
520,4,NA,4,NA,NA,4,4,NA,NA,4
521,NA,2,NA,4,NA,3,NA,2,NA,1
522,3,NA,3,NA,3,NA,3,NA,NA,3
523,3,NA,NA,3,NA,3,NA,3,NA,3
524,4,NA,4,NA,4,NA,NA,4,4,NA
525,3,NA,4,NA,NA,3,4,NA,3,NA
526,4,NA,4,NA,4,NA,4,NA,NA,4
527,3,NA,3,NA,3,NA,NA,3,NA,3
528,1,NA,NA,2,3,NA,NA,3,3,NA
529,NA,4,NA,4,4,NA,4,NA,4,NA
530,3,NA,NA,3,3,NA,4,NA,NA,3
531,3,NA,NA,4,NA,4,3,NA,NA,4
532,3,NA,NA,3,NA,3,NA,3,NA,3
533,4,NA,4,NA,NA,4,4,NA,NA,4
534,NA,4,NA,4,4,NA,NA,4,NA,3
535,NA,2,NA,4,3,NA,4,NA,3,NA
536,NA,4,4,NA,NA,2,NA,2,NA,2
537,5,NA,NA,1,NA,3,2,NA,2,NA
538,2,NA,NA,2,2,NA,NA,3,2,NA
539,NA,3,NA,4,3,NA,4,NA,NA,4
540,NA,2,2,NA,4,NA,3,NA,NA,2
541,NA,2,4,NA,2,NA,NA,2,2,NA
542,NA,4,4,NA,4,NA,4,NA,NA,4
543,NA,4,4,NA,NA,4,4,NA,NA,4
544,NA,4,4,NA,NA,4,NA,4,4,NA
545,NA,2,NA,2,2,NA,NA,1,2,NA
546,4,NA,4,NA,NA,4,4,NA,NA,4
547,4,NA,4,NA,NA,4,NA,4,NA,4
548,4,NA,NA,4,4,NA,4,NA,NA,4
549,NA,4,4,NA,4,NA,NA,4,NA,4
550,2,NA,NA,2,NA,4,NA,5,NA,4
551,4,NA,4,NA,NA,4,4,NA,4,NA
552,NA,4,4,NA,NA,2,3,NA,2,NA
553,2,NA,4,NA,2,NA,3,NA,3,NA
554,NA,4,NA,3,NA,4,3,NA,NA,3
555,NA,4,NA,4,2,NA,NA,3,3,NA
556,4,NA,3,NA,NA,4,NA,3,4,NA
557,2,NA,NA,2,2,NA,NA,2,2,NA
558,NA,3,NA,3,3,NA,NA,3,3,NA
559,3,NA,NA,5,5,NA,2,NA,NA,5
560,NA,4,4,NA,NA,4,NA,4,4,NA
561,NA,4,NA,4,NA,4,NA,4,NA,4
562,4,NA,NA,4,4,NA,NA,4,NA,4
563,3,NA,3,NA,NA,3,3,NA,1,NA
564,NA,4,NA,4,2,NA,3,NA,NA,2
565,NA,4,3,NA,3,NA,3,NA,NA,2
566,2,NA,NA,2,2,NA,2,NA,2,NA
567,NA,4,4,NA,3,NA,NA,3,4,NA
568,4,NA,4,NA,4,NA,4,NA,NA,4
569,NA,4,3,NA,NA,3,3,NA,NA,3
570,4,NA,NA,4,4,NA,4,NA,NA,4
571,2,NA,2,NA,NA,2,NA,2,2,NA
572,4,NA,4,NA,4,NA,NA,4,4,NA
573,NA,4,4,NA,4,NA,4,NA,NA,4
574,4,NA,NA,4,NA,4,4,NA,NA,4
575,NA,2,NA,2,NA,2,2,NA,NA,2
576,NA,1,NA,4,NA,2,2,NA,1,NA
577,4,NA,NA,4,4,NA,NA,4,4,NA
578,NA,3,4,NA,3,NA,4,NA,3,NA
579,NA,4,4,NA,4,NA,NA,4,NA,4
580,4,NA,4,NA,NA,4,4,NA,4,NA
581,NA,4,4,NA,3,NA,3,NA,NA,3
582,4,NA,NA,4,NA,4,4,NA,NA,4
583,NA,3,4,NA,3,NA,3,NA,2,NA
584,4,NA,NA,4,4,NA,4,NA,NA,4
585,NA,4,NA,4,4,NA,4,NA,NA,4
586,NA,3,NA,2,NA,3,3,NA,3,NA
587,2,NA,2,NA,NA,2,3,NA,2,NA
588,NA,4,4,NA,4,NA,5,NA,NA,5
589,NA,3,NA,3,NA,3,NA,2,NA,3
590,NA,4,NA,4,3,NA,3,NA,4,NA
591,NA,4,NA,2,2,NA,2,NA,NA,2
592,2,NA,4,NA,NA,2,NA,2,NA,2
593,4,NA,NA,4,NA,4,4,NA,NA,4
594,4,NA,4,NA,NA,4,4,NA,NA,4
595,2,NA,NA,2,NA,3,NA,3,3,NA
596,3,NA,NA,3,NA,3,4,NA,3,NA
597,3,NA,3,NA,3,NA,3,NA,3,NA
598,NA,3,3,NA,3,NA,NA,3,3,NA
599,NA,3,NA,3,3,NA,NA,3,4,NA
600,3,NA,3,NA,NA,3,NA,3,NA,3
601,3,NA,3,NA,NA,3,3,NA,3,NA
602,NA,3,NA,2,NA,3,2,NA,NA,2
603,3,NA,NA,2,3,NA,2,NA,NA,2
604,3,NA,NA,3,3,NA,2,NA,4,NA
605,NA,3,NA,3,NA,3,NA,2,4,NA
606,3,NA,NA,3,3,NA,3,NA,3,NA
607,NA,3,NA,3,3,NA,NA,2,NA,3
608,NA,3,3,NA,3,NA,NA,4,4,NA
609,NA,3,NA,3,3,NA,NA,4,4,NA
610,4,NA,4,NA,NA,4,4,NA,NA,4
611,NA,2,2,NA,NA,3,3,NA,2,NA
612,1,NA,4,NA,3,NA,NA,3,NA,3
613,NA,5,4,NA,3,NA,3,NA,NA,3
614,NA,3,4,NA,NA,3,NA,3,4,NA
615,3,NA,4,NA,NA,3,NA,2,3,NA
616,NA,3,NA,3,NA,3,4,NA,3,NA
617,NA,3,NA,3,NA,3,3,NA,3,NA
618,NA,3,NA,3,3,NA,NA,3,NA,3
619,NA,2,NA,4,2,NA,NA,1,NA,1
620,NA,3,4,NA,3,NA,3,NA,3,NA
621,3,NA,4,NA,4,NA,NA,3,NA,3
622,NA,3,NA,3,NA,3,4,NA,NA,5
623,NA,2,NA,2,NA,3,NA,3,NA,2
624,3,NA,3,NA,NA,3,3,NA,NA,3
625,3,NA,5,NA,NA,3,NA,3,2,NA
626,NA,3,4,NA,3,NA,3,NA,4,NA
627,NA,3,NA,2,NA,3,NA,4,3,NA
628,NA,3,5,NA,3,NA,NA,3,1,NA
629,2,NA,NA,2,NA,1,NA,2,1,NA
630,NA,3,3,NA,NA,3,3,NA,3,NA
631,NA,2,4,NA,NA,5,3,NA,1,NA
632,1,NA,NA,2,2,NA,NA,2,1,NA
633,NA,4,NA,3,3,NA,NA,3,3,NA
634,4,NA,NA,4,NA,4,5,NA,4,NA
635,4,NA,NA,4,3,NA,NA,4,4,NA
636,NA,3,5,NA,5,NA,NA,3,NA,3
637,NA,4,NA,3,3,NA,NA,3,3,NA
638,3,NA,NA,2,2,NA,4,NA,NA,2
639,3,NA,NA,3,NA,3,3,NA,3,NA
640,NA,3,NA,4,NA,3,4,NA,NA,4
641,3,NA,3,NA,NA,3,NA,3,NA,3
642,3,NA,NA,4,NA,4,4,NA,4,NA
643,3,NA,4,NA,NA,3,NA,2,NA,2
644,NA,3,4,NA,5,NA,3,NA,2,NA
645,3,NA,5,NA,4,NA,NA,3,NA,2
646,3,NA,NA,2,NA,3,3,NA,4,NA
647,3,NA,NA,3,NA,3,3,NA,NA,3
648,3,NA,NA,3,NA,3,3,NA,3,NA
649,NA,4,3,NA,2,NA,3,NA,NA,3
650,3,NA,2,NA,NA,3,3,NA,NA,2
651,3,NA,NA,3,3,NA,NA,3,3,NA
652,3,NA,NA,4,4,NA,NA,3,3,NA
653,NA,3,3,NA,3,NA,NA,3,3,NA
654,1,NA,NA,1,NA,3,1,NA,1,NA
655,3,NA,3,NA,NA,3,NA,3,NA,3
656,2,NA,NA,2,NA,1,NA,2,1,NA
657,3,NA,NA,4,3,NA,NA,3,4,NA
658,3,NA,NA,3,3,NA,NA,3,3,NA
659,4,NA,5,NA,3,NA,2,NA,1,NA
660,NA,3,4,NA,3,NA,NA,3,NA,3
661,3,NA,3,NA,3,NA,3,NA,NA,3
662,NA,3,3,NA,NA,3,NA,3,NA,3
663,3,NA,4,NA,NA,3,NA,3,4,NA
664,3,NA,3,NA,NA,3,3,NA,3,NA
665,NA,3,NA,3,4,NA,3,NA,3,NA
666,NA,3,NA,3,3,NA,2,NA,4,NA
667,3,NA,NA,3,NA,4,NA,3,3,NA
668,3,NA,NA,2,NA,3,NA,3,NA,2
669,NA,2,3,NA,3,NA,NA,3,NA,2
670,1,NA,4,NA,NA,3,3,NA,3,NA
671,4,NA,NA,3,4,NA,NA,3,NA,3
672,3,NA,NA,3,NA,3,3,NA,NA,3
673,NA,3,3,NA,NA,3,3,NA,NA,3
674,3,NA,4,NA,4,NA,4,NA,NA,3
675,NA,3,4,NA,4,NA,NA,3,2,NA
676,NA,1,1,NA,3,NA,3,NA,NA,3
677,3,NA,NA,3,NA,3,3,NA,4,NA
678,NA,1,2,NA,NA,3,NA,3,2,NA
679,3,NA,NA,2,4,NA,NA,5,NA,5
680,4,NA,1,NA,NA,3,3,NA,NA,3
681,3,NA,NA,3,3,NA,3,NA,NA,3
682,3,NA,3,NA,NA,3,NA,3,4,NA
683,2,NA,3,NA,2,NA,2,NA,2,NA
684,3,NA,NA,2,3,NA,3,NA,4,NA
685,2,NA,2,NA,NA,3,NA,3,2,NA
686,NA,2,NA,2,3,NA,NA,3,2,NA
687,2,NA,2,NA,3,NA,NA,3,NA,2
688,3,NA,3,NA,NA,3,3,NA,NA,3
689,4,NA,5,NA,4,NA,5,NA,4,NA
690,NA,3,NA,3,NA,4,1,NA,1,NA
691,NA,2,2,NA,NA,3,3,NA,NA,2
692,3,NA,NA,3,NA,3,NA,3,3,NA
693,NA,3,3,NA,NA,3,3,NA,NA,3
694,3,NA,2,NA,NA,3,NA,4,3,NA
695,1,NA,3,NA,3,NA,3,NA,5,NA
696,NA,2,NA,3,3,NA,4,NA,NA,2
697,5,NA,5,NA,4,NA,4,NA,5,NA
698,NA,5,NA,3,3,NA,4,NA,4,NA
699,NA,4,NA,4,NA,3,NA,4,4,NA
700,2,NA,3,NA,NA,4,3,NA,4,NA
701,4,NA,NA,4,4,NA,NA,4,NA,4
702,4,NA,4,NA,NA,3,4,NA,3,NA
703,NA,4,NA,3,NA,3,4,NA,4,NA
704,NA,5,4,NA,4,NA,NA,3,4,NA
705,NA,3,NA,3,NA,3,3,NA,3,NA
706,NA,3,NA,3,3,NA,3,NA,NA,3
707,3,NA,4,NA,NA,3,NA,2,3,NA
708,4,NA,4,NA,NA,4,2,NA,NA,1
709,3,NA,3,NA,3,NA,NA,2,3,NA
710,3,NA,NA,3,NA,3,NA,3,3,NA
711,3,NA,4,NA,3,NA,3,NA,3,NA
712,NA,3,NA,3,NA,3,NA,3,3,NA
713,4,NA,NA,5,NA,3,4,NA,NA,3
714,NA,3,NA,2,3,NA,2,NA,4,NA
715,NA,3,4,NA,3,NA,3,NA,NA,3
716,NA,3,3,NA,NA,4,3,NA,NA,3
717,3,NA,4,NA,NA,3,NA,4,3,NA
718,3,NA,NA,3,3,NA,3,NA,3,NA
719,3,NA,NA,3,3,NA,NA,3,NA,3
720,NA,3,3,NA,4,NA,2,NA,NA,3
721,3,NA,3,NA,NA,3,NA,2,2,NA
722,NA,4,2,NA,NA,3,2,NA,NA,1
723,NA,5,NA,3,3,NA,3,NA,NA,3
724,3,NA,NA,2,NA,3,3,NA,3,NA
725,NA,2,5,NA,1,NA,3,NA,4,NA
726,NA,3,3,NA,3,NA,3,NA,NA,3
727,3,NA,NA,2,3,NA,NA,4,3,NA
728,NA,3,NA,2,NA,3,3,NA,3,NA
729,3,NA,4,NA,NA,3,NA,3,3,NA
730,4,NA,4,NA,NA,5,4,NA,5,NA
731,2,NA,4,NA,4,NA,4,NA,4,NA
732,4,NA,NA,4,3,NA,4,NA,NA,4
733,NA,4,NA,5,NA,4,4,NA,4,NA
734,NA,3,4,NA,3,NA,3,NA,3,NA
735,NA,4,4,NA,NA,5,4,NA,5,NA
736,NA,5,4,NA,NA,4,NA,5,4,NA
737,NA,3,NA,3,NA,3,3,NA,NA,2
738,1,NA,NA,3,3,NA,NA,3,NA,3
739,NA,4,5,NA,NA,4,NA,3,NA,5
740,5,NA,4,NA,NA,5,4,NA,5,NA
741,4,NA,NA,5,4,NA,5,NA,4,NA
742,NA,3,3,NA,NA,3,NA,3,3,NA
743,2,NA,NA,2,3,NA,3,NA,3,NA
744,4,NA,3,NA,2,NA,NA,3,NA,4
745,4,NA,NA,4,3,NA,3,NA,NA,4
746,NA,3,NA,2,NA,4,3,NA,3,NA
747,NA,5,NA,5,5,NA,NA,5,5,NA
748,NA,3,NA,2,NA,2,3,NA,2,NA
749,4,NA,NA,4,NA,4,4,NA,NA,4
750,4,NA,NA,4,4,NA,NA,4,4,NA
751,NA,4,4,NA,NA,4,NA,4,NA,4
752,NA,4,NA,5,4,NA,NA,5,4,NA
753,NA,2,2,NA,3,NA,3,NA,2,NA
754,NA,4,NA,4,NA,4,NA,4,NA,4
755,2,NA,NA,2,NA,3,3,NA,2,NA
756,NA,3,2,NA,NA,3,3,NA,2,NA
757,4,NA,5,NA,NA,4,NA,4,NA,4
758,2,NA,3,NA,NA,5,2,NA,2,NA
759,NA,2,NA,2,3,NA,3,NA,NA,2
760,4,NA,4,NA,4,NA,NA,4,4,NA
761,NA,2,NA,2,3,NA,3,NA,NA,2
762,4,NA,3,NA,NA,3,NA,4,3,NA
763,NA,2,NA,1,3,NA,NA,3,4,NA
764,3,NA,3,NA,NA,4,3,NA,4,NA
765,NA,4,NA,4,5,NA,NA,5,5,NA
766,NA,4,4,NA,4,NA,4,NA,NA,4
767,NA,4,NA,4,4,NA,3,NA,4,NA
768,4,NA,NA,4,NA,4,NA,3,NA,4
769,4,NA,NA,4,4,NA,NA,4,NA,4
770,3,NA,3,NA,3,NA,3,NA,NA,3
771,4,NA,NA,3,3,NA,4,NA,4,NA
772,2,NA,NA,4,NA,3,3,NA,4,NA
773,NA,2,NA,2,NA,3,NA,3,2,NA
774,NA,2,NA,2,NA,2,NA,3,NA,3
775,4,NA,4,NA,4,NA,4,NA,NA,4
776,4,NA,4,NA,4,NA,NA,4,4,NA
777,4,NA,NA,4,4,NA,NA,4,4,NA
778,NA,4,4,NA,NA,4,NA,4,NA,4
779,2,NA,4,NA,NA,3,NA,3,3,NA
780,NA,4,4,NA,4,NA,4,NA,4,NA
781,4,NA,4,NA,4,NA,NA,4,3,NA
782,NA,2,NA,2,NA,2,2,NA,NA,2
783,NA,4,NA,4,4,NA,NA,4,NA,4
784,4,NA,NA,4,4,NA,NA,4,4,NA
785,2,NA,NA,2,NA,3,3,NA,3,NA
786,4,NA,NA,4,NA,4,4,NA,4,NA
787,NA,4,NA,4,4,NA,4,NA,NA,3
788,NA,2,4,NA,NA,2,3,NA,1,NA
789,NA,4,4,NA,NA,5,NA,4,NA,5
790,4,NA,NA,3,NA,3,4,NA,4,NA
791,4,NA,5,NA,4,NA,NA,4,5,NA
792,NA,4,4,NA,NA,4,4,NA,NA,4
793,NA,4,NA,4,NA,4,NA,4,NA,4
794,4,NA,NA,4,4,NA,NA,4,NA,4
795,5,NA,5,NA,NA,5,NA,4,4,NA
796,NA,4,3,NA,NA,3,1,NA,1,NA
797,NA,4,NA,3,NA,3,3,NA,4,NA
798,NA,3,3,NA,NA,4,NA,3,NA,4
799,NA,3,NA,2,2,NA,3,NA,NA,4
800,NA,3,4,NA,NA,3,NA,3,3,NA
801,NA,1,3,NA,3,NA,2,NA,NA,2
802,NA,5,NA,5,NA,5,NA,5,2,NA
803,NA,4,NA,2,3,NA,3,NA,4,NA
804,1,NA,3,NA,2,NA,NA,4,1,NA
805,2,NA,NA,5,3,NA,NA,5,3,NA
806,NA,5,4,NA,3,NA,NA,2,NA,4
807,2,NA,4,NA,NA,5,3,NA,NA,3
808,NA,3,NA,3,3,NA,2,NA,NA,4
809,NA,4,3,NA,NA,4,2,NA,NA,4
810,2,NA,NA,1,3,NA,NA,3,3,NA
811,NA,3,3,NA,NA,2,4,NA,NA,4
812,3,NA,4,NA,NA,3,NA,2,3,NA
813,NA,3,NA,4,NA,3,NA,3,NA,3
814,1,NA,5,NA,NA,3,3,NA,3,NA
815,NA,2,NA,3,NA,5,NA,3,NA,2
816,NA,3,4,NA,3,NA,2,NA,NA,3
817,NA,3,5,NA,NA,3,NA,3,3,NA
818,NA,4,NA,3,3,NA,3,NA,NA,3
819,4,NA,NA,4,4,NA,NA,3,3,NA
820,NA,2,2,NA,2,NA,3,NA,NA,4
821,NA,2,4,NA,4,NA,4,NA,NA,2
822,NA,3,NA,2,4,NA,NA,1,3,NA
823,4,NA,3,NA,NA,3,4,NA,3,NA
824,4,NA,NA,3,3,NA,2,NA,NA,2
825,4,NA,3,NA,NA,3,4,NA,NA,4
826,4,NA,NA,3,NA,4,4,NA,NA,4
827,3,NA,4,NA,NA,4,NA,5,NA,4
828,NA,4,NA,5,NA,4,NA,5,4,NA
829,5,NA,1,NA,NA,3,NA,3,3,NA
830,5,NA,4,NA,NA,5,NA,4,5,NA
831,NA,4,5,NA,NA,5,5,NA,NA,4
832,5,NA,NA,4,NA,5,4,NA,NA,5
833,NA,4,NA,5,NA,5,NA,4,5,NA
834,NA,5,NA,3,3,NA,NA,3,3,NA
835,NA,3,NA,3,3,NA,NA,3,3,NA
836,NA,5,NA,4,5,NA,4,NA,5,NA
837,3,NA,NA,2,NA,2,NA,3,4,NA
838,4,NA,NA,5,4,NA,4,NA,NA,5
839,NA,3,4,NA,NA,3,NA,3,4,NA
840,2,NA,4,NA,NA,5,NA,1,NA,3
841,2,NA,4,NA,4,NA,NA,3,NA,3
842,4,NA,NA,5,4,NA,4,NA,4,NA
843,4,NA,5,NA,5,NA,NA,4,NA,5
844,NA,4,5,NA,NA,5,NA,4,5,NA
845,4,NA,NA,4,NA,5,5,NA,4,NA
846,5,NA,4,NA,5,NA,4,NA,NA,5
847,4,NA,5,NA,NA,4,5,NA,4,NA
848,3,NA,NA,4,3,NA,NA,3,4,NA
849,NA,5,4,NA,5,NA,NA,4,NA,4
850,NA,4,NA,5,NA,5,4,NA,NA,4
851,NA,5,4,NA,5,NA,4,NA,5,NA
852,2,NA,NA,5,NA,4,NA,5,NA,4
853,4,NA,NA,3,NA,3,NA,2,5,NA
854,NA,4,5,NA,NA,4,NA,3,5,NA
855,NA,1,NA,5,NA,3,3,NA,NA,3
856,NA,3,NA,3,NA,2,NA,3,3,NA
857,3,NA,NA,3,3,NA,NA,3,NA,3
858,NA,3,NA,3,NA,4,3,NA,4,NA
859,3,NA,4,NA,3,NA,NA,1,2,NA
860,5,NA,NA,4,3,NA,3,NA,NA,4
861,3,NA,NA,3,NA,4,NA,3,NA,4
862,NA,3,4,NA,NA,3,3,NA,NA,4
863,2,NA,NA,3,NA,3,2,NA,2,NA
864,NA,3,NA,2,NA,4,3,NA,NA,3
865,4,NA,NA,5,5,NA,4,NA,5,NA
866,NA,4,NA,5,NA,4,NA,5,3,NA
867,NA,4,NA,5,4,NA,5,NA,NA,5
868,4,NA,NA,5,4,NA,5,NA,4,NA
869,NA,4,5,NA,NA,4,5,NA,4,NA
870,NA,4,NA,5,5,NA,NA,4,5,NA
871,NA,4,5,NA,4,NA,NA,5,NA,4
872,NA,5,NA,4,5,NA,4,NA,NA,4
873,NA,4,NA,3,NA,4,NA,3,NA,4
874,NA,4,NA,2,NA,3,3,NA,2,NA
875,4,NA,4,NA,NA,4,3,NA,NA,3
876,4,NA,4,NA,NA,3,2,NA,NA,3
877,1,NA,1,NA,NA,3,1,NA,NA,4
878,3,NA,NA,3,NA,3,NA,3,3,NA
879,NA,2,3,NA,3,NA,3,NA,4,NA
880,NA,1,NA,3,3,NA,NA,3,5,NA
881,5,NA,NA,3,NA,3,NA,2,4,NA
882,NA,5,4,NA,2,NA,NA,5,NA,5
883,NA,3,NA,2,NA,3,NA,3,NA,3
884,3,NA,NA,2,3,NA,3,NA,3,NA
885,NA,3,4,NA,NA,4,3,NA,NA,2
886,3,NA,4,NA,1,NA,1,NA,NA,5
887,NA,5,NA,2,2,NA,NA,5,NA,5
888,NA,3,4,NA,NA,3,NA,3,NA,3
889,NA,3,NA,3,3,NA,3,NA,4,NA
890,NA,4,5,NA,NA,3,3,NA,NA,4
891,3,NA,NA,3,NA,3,NA,1,NA,2
892,NA,4,4,NA,NA,5,NA,4,NA,5
893,NA,4,4,NA,NA,4,NA,4,NA,4
894,NA,3,NA,2,NA,3,3,NA,3,NA
895,NA,5,NA,5,NA,4,5,NA,NA,4
896,3,NA,NA,3,NA,3,3,NA,NA,3
897,4,NA,5,NA,5,NA,4,NA,NA,5
898,4,NA,3,NA,3,NA,3,NA,4,NA
899,4,NA,NA,5,4,NA,NA,5,NA,4
900,NA,4,4,NA,4,NA,NA,4,NA,4
901,NA,4,4,NA,4,NA,NA,4,4,NA
902,NA,4,4,NA,4,NA,4,NA,NA,4
903,NA,5,NA,5,NA,4,5,NA,NA,4
904,4,NA,NA,2,4,NA,NA,2,3,NA
905,NA,4,4,NA,4,NA,NA,5,4,NA
906,NA,5,4,NA,4,NA,NA,4,4,NA
907,4,NA,2,NA,3,NA,3,NA,NA,3
908,4,NA,4,NA,NA,5,4,NA,4,NA
909,5,NA,NA,4,NA,4,5,NA,NA,4
910,NA,4,4,NA,4,NA,4,NA,NA,4
911,4,NA,NA,4,4,NA,NA,4,4,NA
912,NA,3,NA,3,NA,4,3,NA,NA,3
913,NA,3,4,NA,3,NA,3,NA,4,NA
914,2,NA,NA,3,3,NA,NA,2,2,NA
915,NA,4,NA,4,NA,4,NA,4,4,NA
916,5,NA,2,NA,NA,3,NA,1,NA,1
917,NA,3,NA,1,4,NA,NA,4,4,NA
918,2,NA,4,NA,NA,3,3,NA,NA,2
919,4,NA,NA,1,3,NA,NA,3,3,NA
920,3,NA,4,NA,NA,3,3,NA,3,NA
921,5,NA,4,NA,NA,5,NA,4,5,NA
922,NA,4,5,NA,4,NA,NA,5,NA,5
923,NA,5,NA,1,NA,3,3,NA,NA,3
924,3,NA,NA,1,NA,3,NA,3,NA,4
925,NA,3,NA,4,3,NA,NA,3,3,NA
926,1,NA,NA,2,NA,2,2,NA,NA,5
927,NA,3,NA,4,NA,3,3,NA,NA,3
928,NA,5,NA,4,5,NA,4,NA,NA,5
929,NA,5,NA,5,NA,5,NA,5,NA,4
930,NA,1,NA,5,5,NA,NA,1,4,NA
931,5,NA,NA,4,NA,4,5,NA,5,NA
932,4,NA,NA,4,4,NA,NA,4,5,NA
933,NA,4,NA,5,4,NA,NA,5,4,NA
934,NA,3,2,NA,2,NA,NA,4,NA,3
935,NA,5,NA,4,NA,5,2,NA,NA,2
936,4,NA,3,NA,NA,3,3,NA,3,NA
937,NA,5,4,NA,NA,5,5,NA,4,NA
938,NA,3,4,NA,NA,3,NA,2,4,NA
939,3,NA,NA,2,NA,3,4,NA,3,NA
940,NA,4,5,NA,3,NA,NA,5,NA,3
941,1,NA,NA,2,NA,3,2,NA,NA,3
942,3,NA,NA,3,NA,3,NA,3,3,NA
943,3,NA,NA,3,2,NA,3,NA,3,NA
944,NA,3,4,NA,NA,3,3,NA,3,NA
945,NA,2,NA,5,4,NA,1,NA,NA,2
946,3,NA,NA,2,NA,3,NA,3,2,NA
947,3,NA,2,NA,2,NA,NA,1,NA,3
948,1,NA,NA,3,NA,3,3,NA,2,NA
949,NA,1,NA,1,3,NA,NA,3,NA,3
950,2,NA,3,NA,NA,4,NA,3,3,NA
951,NA,2,NA,4,NA,3,NA,3,NA,3
952,NA,4,4,NA,NA,3,3,NA,2,NA
953,3,NA,4,NA,4,NA,3,NA,4,NA
954,3,NA,2,NA,NA,3,NA,3,4,NA
955,1,NA,NA,3,4,NA,3,NA,NA,4
956,3,NA,5,NA,NA,2,4,NA,NA,3
957,NA,3,NA,4,NA,2,NA,4,3,NA
958,3,NA,3,NA,4,NA,NA,3,NA,3
959,NA,4,3,NA,4,NA,NA,5,NA,4
960,NA,4,NA,3,3,NA,3,NA,4,NA
961,NA,4,NA,4,NA,3,NA,2,NA,4
962,NA,1,2,NA,3,NA,2,NA,4,NA
963,NA,3,NA,3,NA,3,4,NA,NA,3
964,NA,3,NA,4,NA,3,NA,5,NA,2
965,4,NA,4,NA,NA,3,3,NA,NA,3
966,NA,4,NA,3,3,NA,2,NA,NA,3
967,2,NA,NA,2,NA,3,NA,2,2,NA
968,NA,4,NA,4,3,NA,NA,4,NA,3
969,2,NA,4,NA,3,NA,NA,2,2,NA
970,4,NA,3,NA,2,NA,NA,3,NA,3
971,NA,3,4,NA,3,NA,4,NA,4,NA
972,3,NA,2,NA,NA,3,3,NA,4,NA
973,2,NA,4,NA,4,NA,NA,3,NA,4
974,1,NA,1,NA,3,NA,2,NA,NA,2
975,NA,3,NA,3,3,NA,NA,3,4,NA
976,NA,4,5,NA,5,NA,NA,4,NA,5
977,NA,4,3,NA,4,NA,3,NA,3,NA
978,2,NA,NA,2,3,NA,NA,2,2,NA
979,NA,4,4,NA,NA,3,3,NA,NA,3
980,3,NA,4,NA,3,NA,3,NA,3,NA
981,NA,2,4,NA,NA,3,2,NA,NA,4
982,NA,4,4,NA,3,NA,NA,3,3,NA
983,3,NA,NA,4,NA,5,NA,2,NA,4
984,NA,3,NA,3,4,NA,3,NA,NA,1
985,3,NA,NA,3,NA,3,NA,3,2,NA
986,5,NA,5,NA,NA,5,5,NA,NA,5
987,NA,3,NA,4,3,NA,3,NA,NA,4
988,3,NA,NA,3,NA,3,3,NA,4,NA
989,4,NA,4,NA,4,NA,NA,4,4,NA
990,NA,4,NA,2,NA,1,3,NA,NA,4
991,3,NA,4,NA,NA,5,2,NA,NA,5
992,NA,3,4,NA,NA,3,3,NA,NA,2
993,3,NA,NA,2,NA,4,NA,3,NA,3
994,3,NA,4,NA,NA,3,NA,3,NA,4
995,2,NA,NA,2,3,NA,3,NA,NA,4
996,NA,2,4,NA,5,NA,5,NA,NA,5
997,3,NA,4,NA,NA,4,3,NA,NA,3
998,NA,5,NA,5,3,NA,3,NA,5,NA
999,3,NA,NA,3,NA,3,NA,3,3,NA
1000,2,NA,NA,2,2,NA,NA,4,NA,4
1001,3,NA,NA,4,4,NA,3,NA,3,NA
1002,2,NA,4,NA,3,NA,3,NA,3,NA
1003,NA,4,4,NA,3,NA,3,NA,NA,3
1004,NA,4,4,NA,NA,3,3,NA,NA,3
1005,NA,4,NA,3,4,NA,NA,3,NA,4
1006,4,NA,NA,4,4,NA,3,NA,4,NA
1007,2,NA,NA,4,3,NA,NA,3,NA,3
1008,NA,4,3,NA,NA,4,3,NA,4,NA
1009,NA,4,NA,4,3,NA,NA,4,NA,4
1010,3,NA,3,NA,NA,3,NA,3,NA,3
1011,4,NA,NA,3,NA,3,NA,4,3,NA
1012,NA,4,4,NA,NA,4,4,NA,NA,3
1013,4,NA,4,NA,NA,4,NA,3,NA,4
1014,4,NA,NA,3,3,NA,3,NA,NA,4
1015,NA,3,3,NA,3,NA,NA,4,NA,3
1016,3,NA,NA,3,NA,3,1,NA,1,NA
1017,NA,5,5,NA,NA,1,1,NA,NA,4
1018,2,NA,NA,2,NA,3,3,NA,NA,3
1019,NA,4,NA,4,NA,4,NA,4,NA,4
1020,NA,4,NA,4,NA,4,1,NA,NA,1
1021,NA,3,4,NA,4,NA,NA,3,3,NA
1022,NA,1,NA,3,3,NA,1,NA,NA,2
1023,2,NA,NA,2,NA,3,3,NA,NA,3
1024,NA,1,1,NA,3,NA,3,NA,4,NA
1025,NA,4,NA,3,4,NA,NA,4,5,NA
1026,NA,3,3,NA,3,NA,3,NA,3,NA
1027,NA,4,4,NA,NA,3,4,NA,3,NA
1028,NA,4,4,NA,NA,4,1,NA,3,NA
1029,NA,3,4,NA,NA,4,3,NA,NA,5
1030,3,NA,NA,4,3,NA,4,NA,3,NA
1031,4,NA,3,NA,NA,2,NA,3,NA,2
1032,1,NA,NA,3,3,NA,NA,2,NA,3
1033,NA,3,NA,3,NA,2,4,NA,NA,3
1034,NA,4,NA,3,3,NA,3,NA,NA,3
1035,NA,4,NA,2,NA,3,NA,2,NA,3
1036,NA,3,3,NA,3,NA,NA,3,NA,3
1037,NA,3,NA,3,3,NA,4,NA,4,NA
1038,NA,4,1,NA,3,NA,NA,2,NA,2
1039,1,NA,NA,3,NA,3,2,NA,NA,5
1040,NA,4,2,NA,1,NA,NA,1,NA,5
1041,3,NA,4,NA,3,NA,NA,4,NA,3
1042,3,NA,NA,4,3,NA,NA,3,NA,3
1043,NA,4,3,NA,4,NA,3,NA,NA,4
1044,4,NA,NA,3,NA,3,NA,3,3,NA
1045,3,NA,4,NA,NA,3,3,NA,NA,3
1046,NA,3,NA,2,NA,4,4,NA,NA,3
1047,2,NA,3,NA,NA,3,2,NA,1,NA
1048,NA,5,5,NA,5,NA,NA,5,5,NA
1049,3,NA,NA,4,NA,4,NA,5,NA,4
1050,3,NA,NA,4,4,NA,3,NA,NA,4
1051,NA,1,1,NA,NA,1,3,NA,5,NA
1052,3,NA,NA,3,NA,3,3,NA,3,NA
1053,NA,5,5,NA,5,NA,5,NA,4,NA
1054,NA,4,NA,2,NA,3,1,NA,NA,2
1055,NA,5,4,NA,NA,3,3,NA,3,NA
1056,3,NA,2,NA,3,NA,NA,3,3,NA
1057,5,NA,5,NA,4,NA,5,NA,5,NA
1058,NA,3,NA,3,NA,1,NA,3,NA,3
